1,Tirrell,Rollingson,1,1997-05-14,dui,trollingson0@mac.com,qS6&pTx0vqc_gx
2,Cloris,Somner,1,1953-01-27,purus,csomner1@jalbum.net,mM3*G50t
3,Claudine,Beloe,0,1972-04-16,cras,cbeloe2@csmonitor.com,sM7!29n*Q=@63
4,Jessamine,Goch,1,1978-07-13,volutpat,jgoch3@washington.edu,tA2@Cn{@fOjse
5,Carolee,Wiskar,2,1996-05-09,dui,cwiskar4@sbwire.com,xO8)sGmy<7RpcpGx
6,Amye,Staynes,1,1964-04-09,convallis,astaynes5@webmd.com,wY9<Ad`XJ}EF
7,Milena,Dowsett,2,1968-07-18,et,mdowsett6@vimeo.com,dB0+(cGP<`
8,Shel,Krysztowczyk,0,1956-01-06,rutrum,skrysztowczyk7@imgur.com,bL8#KTbhY&=@
9,Carlie,Sloy,1,1984-03-16,nec,csloy8@blogspot.com,vU9.}wwLai
10,Mason,Chapier,0,1942-12-06,imperdiet,mchapier9@photobucket.com,hM0}OHMt/
11,Netti,Okeshott,0,1970-03-02,nullam,nokeshotta@mediafire.com,pD9*6_FbSzZe?Ywh
12,Alberta,Waterhous,0,1967-07-03,morbi,awaterhousb@google.com.br,mL2`+6tsK#
13,John,Deacock,2,1947-11-08,hac,jdeacockc@myspace.com,"iA5(D&w""r}""h'"
14,Yard,Crean,0,1947-03-15,rhoncus,ycreand@goo.gl,jE0#J3{_Wznq
15,Sophi,Szubert,0,1955-07-01,suscipit,sszuberte@wunderground.com,"mY5/`2}Y$Xf,.2n"
16,Neville,Llorente,1,2003-09-14,nisi,nllorentef@virginia.edu,bH6=gXJ$V
17,Anna-diane,Manilow,1,1976-07-30,dui,amanilowg@imdb.com,cU1/pWi(B)!W
18,Glynda,Perri,0,2000-07-07,turpis,gperrih@ucoz.com,gH0)=sm?cMq#N
19,Horatia,Thirsk,2,1971-09-01,sapien,hthirski@technorati.com,"uG9*%SS+'<,"
20,Arielle,Rollett,0,1978-05-14,ac,arollettj@ihg.com,yS8?J}Fwt
