1,Taffy,Irdale,tirdale0@amazon.co.uk,Dolní Dunajovice
2,Lammond,Knapton,lknapton1@sitemeter.com,Dongzhaogezhuang
3,Mae,Joselevitz,mjoselevitz2@ask.com,Kaleybar
4,Dore,Nockles,dnockles3@nba.com,Momil
5,Rosemarie,Tivnan,rtivnan4@istockphoto.com,Funehikimachi-funehiki
6,Pinchas,Reece,preece5@shop-pro.jp,Presa
7,Ky,De Avenell,kdeavenell6@de.vu,Rio de Janeiro
8,Finley,Fritchly,ffritchly7@1und1.de,Barretos
9,Salvador,Kondratenko,skondratenko8@patch.com,Bendungan
10,Dillie,Boothman,dboothman9@prlog.org,Hongor
11,Hernando,Wallenger,hwallengera@kickstarter.com,Ar Riqqah
12,Vittoria,Lighton,vlightonb@google.com,Wu’erbu Baolige
13,Cookie,Kramer,ckramerc@exblog.jp,Besançon
14,Genvieve,Wermerling,gwermerlingd@amazon.co.uk,Tomigusuku
15,Nalani,Tredwell,ntredwelle@vkontakte.ru,Calape
16,Darsey,Spolton,dspoltonf@ftc.gov,Cikaung
17,Jean,Glascott,jglascottg@a8.net,Venlo
18,Cordy,Paulig,cpauligh@answers.com,Sarajevo
19,Hector,Igounet,higouneti@biblegateway.com,Kupahandap
20,Debee,Murthwaite,dmurthwaitej@elegantthemes.com,Benisheikh
21,Rocky,Bodham,rbodhamk@wired.com,Paccha
22,Tobin,Amaya,tamayal@msn.com,Jingling
23,Lothaire,Tully,ltullym@g.co,Dimiao
24,Nessy,Finding,nfindingn@indiegogo.com,Argenteuil
25,Kane,Willerton,kwillertono@meetup.com,Huanglong
26,Gabriel,Monteith,gmonteithp@admin.ch,Slobodskoy
27,Konrad,Bricket,kbricketq@fc2.com,Dalumangcob
28,Pierette,Humbert,phumbertr@gnu.org,Poddor’ye
29,Yard,Wither,ywithers@usgs.gov,Cajuru
30,Dodi,Hawkins,dhawkinst@ask.com,Varser
31,Stevie,Hadcroft,shadcroftu@naver.com,Strasbourg
32,Em,Culmer,eculmerv@skype.com,Linjiang
33,Solly,Wanden,swandenw@webmd.com,Achoma
34,Salaidh,Seely,sseelyx@example.com,Grzmiąca
35,Burlie,MacCathay,bmaccathayy@businessinsider.com,Wotan
36,Bartholemy,Horwell,bhorwellz@cpanel.net,Kelin
37,Shari,Ochiltree,sochiltree10@prweb.com,Rafael Perazza
38,Gunter,Raiker,graiker11@360.cn,Nueva Gerona
39,Genna,Dopson,gdopson12@yellowbook.com,Beisijia
40,Birgit,Villa,bvilla13@webmd.com,Nariño
41,Ebba,Tyt,etyt14@phpbb.com,Kamenka
42,Cooper,Stannett,cstannett15@live.com,Laem Sing
43,Hephzibah,Bruneton,hbruneton16@github.com,Hecun
44,Daniella,Snelle,dsnelle17@prlog.org,Kizhinga
45,West,Benini,wbenini18@bravesites.com,Podporozh’ye
46,Felicle,Peaddie,fpeaddie19@dropbox.com,Nanshi
47,Darnell,Waudby,dwaudby1a@delicious.com,Rego de Água
48,Beret,Timmins,btimmins1b@umn.edu,Qaryat al Qābil
49,Foss,Farnie,ffarnie1c@telegraph.co.uk,Ostružnica
50,Vasily,Tame,vtame1d@columbia.edu,Obroshyne
51,Alfy,Beek,abeek1e@ox.ac.uk,Islamey
52,Ali,Koubek,akoubek1f@artisteer.com,Tampekan
53,Jodi,Careswell,jcareswell1g@desdev.cn,Alegre
54,Elnore,Blois,eblois1h@arstechnica.com,Guadalupe
55,Ashley,Loadsman,aloadsman1i@1und1.de,Salerno
56,Buddy,Saunier,bsaunier1j@slashdot.org,Zuoxi
57,Kelila,Bartram,kbartram1k@wp.com,Gakovo
58,Bridie,Kittless,bkittless1l@shutterfly.com,Huagu
59,Sal,Hadland,shadland1m@geocities.com,Jingmen
60,Hannis,Hundley,hhundley1n@mapquest.com,Binuangeun
61,Misty,Blunt,mblunt1o@hc360.com,Ningxi
62,Fanchon,Linnit,flinnit1p@flavors.me,Huangli
63,Thalia,Bausmann,tbausmann1q@blogger.com,Shiraz
64,Emmalee,Yacobsohn,eyacobsohn1r@prlog.org,Naudero
65,Zorana,Donavan,zdonavan1s@wordpress.com,Sobotín
66,Hedvig,Braisted,hbraisted1t@ameblo.jp,General Lavalle
67,Roze,Endrighi,rendrighi1u@ebay.com,Dagup
68,Jessalin,Toovey,jtoovey1v@yolasite.com,Kara-Balta
69,Banky,Brimmicombe,bbrimmicombe1w@mac.com,Jovellar
70,Elisha,Ferraron,eferraron1x@topsy.com,Wangjiachang
71,Vinny,Hambatch,vhambatch1y@bloglines.com,Middleton
72,Jessalyn,Warhurst,jwarhurst1z@ocn.ne.jp,Xinzhai
73,Benedict,Raeside,braeside20@com.com,Arauco
74,Ezechiel,Sorrie,esorrie21@sakura.ne.jp,Shimo-furano
75,Ellsworth,Steffan,esteffan22@dedecms.com,Hradec nad Moravici
76,Dorita,Fossitt,dfossitt23@gmpg.org,Getahovit
77,Huberto,Beathem,hbeathem24@telegraph.co.uk,Perbaungan
78,Kynthia,Aubury,kaubury25@blogger.com,Shalinskoye
79,Melva,MacNockater,mmacnockater26@mayoclinic.com,Qulai
80,Hetti,Gianiello,hgianiello27@drupal.org,Torre do Pinhão
81,Krista,Massard,kmassard28@nationalgeographic.com,Letsheng
82,Sigismond,Lum,slum29@buzzfeed.com,Port-Vila
83,Claire,Chappelle,cchappelle2a@reference.com,Bayanhoshuu
84,Fran,Dumpleton,fdumpleton2b@sohu.com,Grande Cache
85,Bethina,Hobell,bhobell2c@livejournal.com,Ximafang
86,Aloisia,Hrus,ahrus2d@marketwatch.com,São Lourenço de Mamporcão
87,Kaja,Weigh,kweigh2e@sbwire.com,Yihe
88,Ginevra,Geraldo,ggeraldo2f@wikia.com,Guaraciaba do Norte
89,Vick,Dugall,vdugall2g@gov.uk,Maikawada
90,Derk,Witty,dwitty2h@flickr.com,Lunao
91,Agna,Digle,adigle2i@discuz.net,Tsagaan-Ovoo
92,Noell,O'Grady,nogrady2j@360.cn,Grand Bank
93,Tymothy,Orgen,torgen2k@nih.gov,Kakamega
94,Petra,Carmody,pcarmody2l@clickbank.net,Santo Domingo
95,Dare,Hof,dhof2m@timesonline.co.uk,Monte
96,Willis,Ivanovic,wivanovic2n@webs.com,Strasbourg
97,Raphael,Igo,rigo2o@umn.edu,Tianshan
98,Kata,Buttriss,kbuttriss2p@ucsd.edu,Tabonok
99,Ned,Duffield,nduffield2q@senate.gov,Halle
100,Constantine,Wetheril,cwetheril2r@intel.com,Changgucheng
101,Sinclare,Cardwell,scardwell2s@pagesperso-orange.fr,Novosineglazovskiy
102,Goran,Fidelus,gfidelus2t@tripod.com,Huomachong
103,Doti,Conechie,dconechie2u@forbes.com,Jönköping
104,Jacqueline,Gockeler,jgockeler2v@utexas.edu,Garoua Boulaï
105,Tasia,Eite,teite2w@craigslist.org,Ilagan
106,Binny,Sorley,bsorley2x@nytimes.com,Grajaú
107,Aldwin,Pascho,apascho2y@who.int,Ning’an
108,Sharl,Napier,snapier2z@liveinternet.ru,Sedayu
109,Nicole,Lindores,nlindores30@aboutads.info,Agrela
110,Harald,Drohun,hdrohun31@typepad.com,Houston
111,Bentlee,Cham,bcham32@elegantthemes.com,Kon Dơng
112,Mireielle,Venning,mvenning33@comcast.net,Gancheng
113,Sharl,Vase,svase34@macromedia.com,Sumaré
114,Sheryl,Nutbeam,snutbeam35@a8.net,Lazaro Cardenas
115,Bird,Rosberg,brosberg36@weather.com,La Sabana
116,Tomlin,Fibbitts,tfibbitts37@tumblr.com,Huaitu
117,Ashley,Sullly,asullly38@cmu.edu,Jabranti
118,Corey,Atterley,catterley39@deviantart.com,Mahīn
119,Ruddie,Langsdon,rlangsdon3a@arizona.edu,Toulouse
120,Cece,Fassman,cfassman3b@soup.io,Vacha
121,Roy,Backen,rbacken3c@mozilla.org,Kempele
122,Hobie,Keddle,hkeddle3d@phpbb.com,Tras Cerros
123,Gilly,Grim,ggrim3e@naver.com,Nkwerre
124,Julia,Royle,jroyle3f@umich.edu,Challans
125,Kirby,Flatte,kflatte3g@google.nl,Madison
126,Samaria,Lucio,slucio3h@abc.net.au,Mesa
127,Erie,Jamrowicz,ejamrowicz3i@csmonitor.com,Marugame
128,Larine,Bryson,lbryson3j@live.com,Kaliasin
129,Erich,Heakey,eheakey3k@comsenz.com,Jirjā
130,Natala,Castillo,ncastillo3l@hc360.com,Houk
131,Tremaine,Cuberley,tcuberley3m@wix.com,Zhenwen
132,Kalil,Verillo,kverillo3n@reverbnation.com,Washington
133,Filippo,Pierri,fpierri3o@nyu.edu,Nkongsamba
134,Nesta,Pullman,npullman3p@google.nl,Yao
135,Mattias,Gorstidge,mgorstidge3q@foxnews.com,Lyubymivka
136,Concordia,Stodart,cstodart3r@ocn.ne.jp,Mollas
137,Catherine,Scurman,cscurman3s@bravesites.com,Kota Kinabalu
138,Correy,Loadman,cloadman3t@infoseek.co.jp,Venda
139,Darrell,Shufflebotham,dshufflebotham3u@artisteer.com,Erenhot
140,Jocelyn,Lis,jlis3v@admin.ch,Agualva
141,Bern,Howship,bhowship3w@typepad.com,Västerås
142,Rachael,Khristyukhin,rkhristyukhin3x@berkeley.edu,Volgorechensk
143,Manolo,Boarleyson,mboarleyson3y@apple.com,Xianlong
144,Constancy,Berthome,cberthome3z@wordpress.org,Semikarakorsk
145,Ephrayim,Stothart,estothart40@rediff.com,Krajan Dukuhseti
146,Alasteir,Coulsen,acoulsen41@stanford.edu,Täby
147,Nicol,Brahmer,nbrahmer42@arizona.edu,Wan’an
148,Adore,Sherme,asherme43@google.es,Hastings
149,Osbourne,Middlebrook,omiddlebrook44@sciencedirect.com,Águas de Lindóia
150,Evelin,Stiffell,estiffell45@squarespace.com,Sampir
151,Ravid,Stebles,rstebles46@vistaprint.com,Hedong
152,Jacinda,Deeson,jdeeson47@examiner.com,Varberg
153,Shanta,Parres,sparres48@marketwatch.com,Salamanca
154,Nichole,Ingman,ningman49@yandex.ru,Novaya Lyalya
155,Bambie,Imlin,bimlin4a@cargocollective.com,Castellon De La Plana/Castello De La Pla
156,Ahmed,Lillgard,alillgard4b@wix.com,Sukhinichi
157,Aksel,Sword,asword4c@friendfeed.com,Palermo
158,Brant,Fitzsimon,bfitzsimon4d@loc.gov,Yaizu
159,Alford,Blondin,ablondin4e@miitbeian.gov.cn,Vandœuvre-lès-Nancy
160,Sven,Vermer,svermer4f@google.pl,Sentul
161,Carney,Morffew,cmorffew4g@taobao.com,Las Carreras
162,Toby,Morman,tmorman4h@gravatar.com,Maria
163,Newton,Rowbrey,nrowbrey4i@cornell.edu,Praia da Tocha
164,Yardley,Poskitt,yposkitt4j@hexun.com,Melíssi
165,Wilie,Moffatt,wmoffatt4k@goo.gl,Mingcheng
166,Shaun,Meyrick,smeyrick4l@imgur.com,Gusong
167,Colette,Derington,cderington4m@list-manage.com,Wengyang
168,Katina,Aitchison,kaitchison4n@feedburner.com,Bentar
169,Suzi,Langton,slangton4o@seesaa.net,Acobamba
170,Cully,Kryszka,ckryszka4p@webeden.co.uk,Mlaka pri Kranju
171,Fremont,Mabbott,fmabbott4q@tumblr.com,Niba
172,Wendi,Gilcriest,wgilcriest4r@mayoclinic.com,Taiping
173,Irving,Reichardt,ireichardt4s@altervista.org,Chaumont
174,Whitby,Twopenny,wtwopenny4t@addthis.com,Xiejiatan
175,Trumann,Dumbrill,tdumbrill4u@comcast.net,Kalibaru
176,Coletta,MacBean,cmacbean4v@fastcompany.com,Pasonobenu
177,Toby,Shayler,tshayler4w@live.com,Gonça
178,Holly,Sturch,hsturch4x@weather.com,Ōmuta
179,Granville,Gerding,ggerding4y@spotify.com,Pashkovskiy
180,Michale,Simoncello,msimoncello4z@e-recht24.de,Churubamba
181,Miran,Artindale,martindale50@cpanel.net,Itajubá
182,Etty,MacKeogh,emackeogh51@harvard.edu,Hacı Zeynalabdin
183,Blondell,Andrys,bandrys52@princeton.edu,Killumney
184,Alyce,Lernihan,alernihan53@webeden.co.uk,Senangkhanikhom
185,Carolee,Cometson,ccometson54@unicef.org,Laholm
186,Man,McLae,mmclae55@webnode.com,la Massana
187,Susie,Plews,splews56@yolasite.com,Stockholm
188,Hewe,Fitzackerley,hfitzackerley57@tiny.cc,Kawaguchi
189,Kacey,McQuirk,kmcquirk58@ask.com,Moneghetti
190,King,Dotson,kdotson59@rambler.ru,Iñapari
191,Vergil,Spacey,vspacey5a@seattletimes.com,Huanxi
192,Devondra,Maulkin,dmaulkin5b@microsoft.com,Yanahuanca
193,Alphonso,Berth,aberth5c@cbc.ca,Bantog
194,Lurline,Dreier,ldreier5d@oaic.gov.au,Thuận Nam
195,Felita,Claye,fclaye5e@artisteer.com,Novosheshminsk
196,Ellynn,Leblanc,eleblanc5f@va.gov,Pirallahı
197,Rafferty,Gynn,rgynn5g@webs.com,Miryang
198,Christie,Gaitung,cgaitung5h@bigcartel.com,Leppävirta
199,Guillema,Twittey,gtwittey5i@gizmodo.com,Petrovskiy
200,Chiquita,Tregea,ctregea5j@reuters.com,Gornyy
201,Gabey,Ouchterlony,gouchterlony5k@bravesites.com,Cayambe
202,Cordelie,Matyugin,cmatyugin5l@g.co,Belang
203,Allys,Barnsley,abarnsley5m@wikispaces.com,Port-Vila
204,Gill,Dunguy,gdunguy5n@youku.com,Lat Yao
205,Giff,Ciardo,gciardo5o@hao123.com,Nantou
206,Kissee,Bitterton,kbitterton5p@i2i.jp,Yili
207,Valeda,McClay,vmcclay5q@360.cn,Türkmenbaşy
208,Temp,Penddreth,tpenddreth5r@about.me,Malabago
209,Wye,Keyte,wkeyte5s@nhs.uk,Lũng Hồ
210,Marice,Smissen,msmissen5t@uiuc.edu,Lishan
211,Leonerd,Bestwerthick,lbestwerthick5u@163.com,Drobin
212,Leigh,Smethurst,lsmethurst5v@drupal.org,Tuopu
213,Morris,Hucke,mhucke5w@biblegateway.com,Nagasaki-shi
214,Estrella,Goodreid,egoodreid5x@instagram.com,Khashuri
215,Venita,Castles,vcastles5y@phpbb.com,El Vigía
216,Graeme,Willavize,gwillavize5z@house.gov,Messíni
217,Martha,Gouly,mgouly60@aboutads.info,Mizoch
218,Alis,Ricciardello,aricciardello61@fema.gov,Peace River
219,Vinni,Durtnell,vdurtnell62@istockphoto.com,Sang-e Chārak
220,Link,Pechan,lpechan63@t.co,Katovice
221,Raymund,Ivashkov,rivashkov64@dot.gov,Zhaowanzhuang
222,Wat,Taggart,wtaggart65@npr.org,Maués
223,Gian,Henze,ghenze66@adobe.com,Norabats’
224,Lorie,Parfett,lparfett67@harvard.edu,Dalmeny
225,Wells,Hollingsby,whollingsby68@wordpress.com,Ōmura
226,Briana,Dumsday,bdumsday69@ebay.co.uk,Yuyue
227,Josie,Dumbare,jdumbare6a@smugmug.com,Subkowy
228,Georas,McQuade,gmcquade6b@bing.com,Krugersdorp
229,Christen,Lambillion,clambillion6c@kickstarter.com,Kudahuvadhoo
230,Gena,Wickins,gwickins6d@toplist.cz,Tadotsu
231,Tristam,Kopps,tkopps6e@live.com,Hörby
232,Ardyce,Symonds,asymonds6f@yahoo.co.jp,Novoselë
233,Mychal,Bontein,mbontein6g@nature.com,Mosul
234,Vivianna,Adamovitz,vadamovitz6h@yellowpages.com,Dzhayrakh
235,Pace,Woolis,pwoolis6i@earthlink.net,Murów
236,Brittaney,Fancet,bfancet6j@ning.com,Sơn Tây
237,Patten,Teasey,pteasey6k@usda.gov,Lixi
238,Calla,Broadist,cbroadist6l@techcrunch.com,Tucheng
239,Guillema,Enderwick,genderwick6m@histats.com,San Juan de la Maguana
240,Zed,Saulter,zsaulter6n@nature.com,Xianyang
241,Maxie,Brick,mbrick6o@bloomberg.com,Pagsanahan Norte
242,Leslie,Karadzas,lkaradzas6p@deviantart.com,Quintã
243,Pippy,Lexa,plexa6q@mozilla.org,Marigot
244,Patty,Eouzan,peouzan6r@google.nl,Fuzihe
245,Randee,Dobrovolski,rdobrovolski6s@economist.com,Banjar Paangkelod
246,Harper,Treagus,htreagus6t@biglobe.ne.jp,Banaba
247,Arie,MacWilliam,amacwilliam6u@miibeian.gov.cn,Bryansk
248,Katharina,Standbrook,kstandbrook6v@unblog.fr,Wangqu
249,Justin,Thornally,jthornally6w@msn.com,Taquari
250,Amble,Fright,afright6x@techcrunch.com,An Nāşirah
251,Dion,Smieton,dsmieton6y@techcrunch.com,Xinan
252,Erich,Nevinson,enevinson6z@diigo.com,Borgarnes
253,Celie,Orman,corman70@chronoengine.com,De la Paz
254,Larissa,Elder,lelder71@forbes.com,Jinhua
255,Orion,Glisenan,oglisenan72@rediff.com,Kamsack
256,Monah,Semeradova,msemeradova73@tiny.cc,Yangwei
257,Ashlie,Beddow,abeddow74@va.gov,Huangcai
258,Brandi,Marsham,bmarsham75@soup.io,Bern
259,Reeta,Empleton,rempleton76@yahoo.co.jp,Wu’erbu Baolige
260,Ken,Pavlovsky,kpavlovsky77@about.me,Chai Badan
261,Angel,Emmert,aemmert78@mail.ru,Lingbei
262,Wesley,Calvey,wcalvey79@weebly.com,Suwalan
263,Mathian,Agge,magge7a@illinois.edu,Casais de Revelhos
264,Bethena,Wymer,bwymer7b@posterous.com,Gedian
265,Dorolice,Sparshott,dsparshott7c@i2i.jp,Guniushan
266,Neala,Cadogan,ncadogan7d@163.com,København
267,Vivian,Swaffield,vswaffield7e@google.cn,Cerklje na Gorenjskem
268,Marna,Bartolomucci,mbartolomucci7f@blogspot.com,Ōita
269,Dewain,Ostridge,dostridge7g@amazon.co.uk,Saint-Étienne
270,Zacharia,Tejada,ztejada7h@cbslocal.com,Luoqiao
271,Nesta,Enderlein,nenderlein7i@newyorker.com,Dadamtu
272,Maximilien,Wudeland,mwudeland7j@flavors.me,Tianya
273,Vic,Furlong,vfurlong7k@qq.com,Castillos
274,Joye,Eassom,jeassom7l@wikispaces.com,Camargo
275,Henrietta,Dalgety,hdalgety7m@people.com.cn,Penebel
276,Emelda,MacKereth,emackereth7n@foxnews.com,Kangshan
277,Chadwick,O'Kinneally,cokinneally7o@tmall.com,Grzybowa Góra
278,Ailene,Gaytor,agaytor7p@weibo.com,Guanyinsi
279,Marina,Whife,mwhife7q@timesonline.co.uk,Baishuiyang
280,Herrick,Peskin,hpeskin7r@tmall.com,Thāru Shāh
281,Denni,Hallan,dhallan7s@ning.com,La Cruz de Taratara
282,Mellicent,Halleybone,mhalleybone7t@bravesites.com,Sundsvall
283,Lilly,Cortez,lcortez7u@sciencedaily.com,Huage
284,Ravid,Ganny,rganny7v@feedburner.com,Limit
285,Nerti,Gian,ngian7w@rakuten.co.jp,Kalumpang
286,Hube,Conen,hconen7x@goo.ne.jp,Citeureup
287,Fleurette,O'Docherty,fodocherty7y@youtu.be,Liujiage
288,Torrance,Burgyn,tburgyn7z@sphinn.com,Ponggeok
289,Jodee,Leyborne,jleyborne80@cargocollective.com,Gaocheng
290,Jaime,Sweynson,jsweynson81@arstechnica.com,Turanj
291,Baily,Kybert,bkybert82@merriam-webster.com,Blackfalds
292,Borden,Gregoli,bgregoli83@pinterest.com,Yangiobod
293,Jordain,Pattenden,jpattenden84@pcworld.com,Dunyāpur
294,Cherida,McNutt,cmcnutt85@yelp.com,El Retiro
295,Ralf,Buckham,rbuckham86@comsenz.com,Zacatecoluca
296,Alec,Pentony,apentony87@jimdo.com,Al Ḩashwah
297,Sayers,Vasichev,svasichev88@netvibes.com,Kembé
298,Killie,Hellin,khellin89@discuz.net,Nan
299,Darrelle,Allright,dallright8a@census.gov,Komyshnya
300,Dolores,Hutchinson,dhutchinson8b@fc2.com,Chernyshkovskiy
301,Norri,Tinline,ntinline8c@yahoo.co.jp,Mompós
302,Del,Purdie,dpurdie8d@yale.edu,San Antonio
303,Doralia,Van der Kruys,dvanderkruys8e@livejournal.com,Tomice
304,Winifred,Billingham,wbillingham8f@stanford.edu,Lanat
305,Kaleb,Elsay,kelsay8g@lycos.com,Shilovo
306,Parke,Hattoe,phattoe8h@ning.com,Bašaid
307,Antonia,Carlisso,acarlisso8i@e-recht24.de,Litvínovice
308,Glennie,Andreuzzi,gandreuzzi8j@tumblr.com,Chongwen
309,Ham,Enden,henden8k@wikimedia.org,Kilkís
310,Eric,Gooddie,egooddie8l@washington.edu,Rundeng
311,Hettie,Burnep,hburnep8m@nsw.gov.au,‘Akko
312,Westleigh,Gilvear,wgilvear8n@columbia.edu,Kuala Lumpur
313,Farrel,Smithe,fsmithe8o@unc.edu,Mougins
314,Britney,Athey,bathey8p@ed.gov,Fenglai
315,Selena,Noor,snoor8q@comcast.net,Oulmes
316,Rayner,Starrs,rstarrs8r@surveymonkey.com,Ouijjane
317,Marya,Seebright,mseebright8s@admin.ch,Rrapë
318,Madison,Denerley,mdenerley8t@163.com,Itaqui
319,Ruth,Fetherby,rfetherby8u@springer.com,Jifarong
320,Adorne,Kleinhaus,akleinhaus8v@qq.com,Nempel
321,Rose,Laurenson,rlaurenson8w@amazonaws.com,São José dos Pinhais
322,Kristi,Hemerijk,khemerijk8x@mail.ru,Wolmaransstad
323,Alethea,MacKeague,amackeague8y@google.nl,Cambebba
324,Adolph,Neller,aneller8z@myspace.com,San Juan
325,Rodrique,Iliffe,riliffe90@ted.com,Cetinje
326,Mar,Kliement,mkliement91@feedburner.com,Nipawin
327,Selina,Knok,sknok92@google.ru,Gampaha
328,Grover,Gutch,ggutch93@sun.com,Mir
329,Lynda,Kinnen,lkinnen94@dagondesign.com,Saginaw
330,Joly,Batchelour,jbatchelour95@ehow.com,Baturaden
331,Cully,McGahey,cmcgahey96@shinystat.com,Poteran
332,Sheeree,Quarterman,squarterman97@fastcompany.com,Jocotenango
333,Felicity,Goeff,fgoeff98@hibu.com,Yeşilköy
334,Blinni,Caustic,bcaustic99@ftc.gov,Cerme Kidul
335,Truda,Kerrey,tkerrey9a@infoseek.co.jp,Datang
336,Ursa,Cowtherd,ucowtherd9b@wordpress.org,Pengilon
337,Stacy,Crossgrove,scrossgrove9c@usda.gov,Nan’an
338,Yank,Soaper,ysoaper9d@chron.com,Kalangsari
339,Mitchael,Wissbey,mwissbey9e@mail.ru,Kouvola
340,Ingra,Southerton,isoutherton9f@topsy.com,Badar
341,Christiane,Town,ctown9g@elegantthemes.com,Le Hochet
342,Garth,Scatcher,gscatcher9h@i2i.jp,Zlatar
343,Cesar,Nacey,cnacey9i@jigsy.com,Světlá nad Sázavou
344,Gregory,Whodcoat,gwhodcoat9j@1und1.de,Jingmen
345,Val,Jollands,vjollands9k@mozilla.com,Ḩadīdah
346,Garth,Quig,gquig9l@yahoo.com,Kävlinge
347,Mikael,Igo,migo9m@unc.edu,Caucete
348,Minette,Lonsdale,mlonsdale9n@chron.com,Pensilvania
349,Claus,Greenroyd,cgreenroyd9o@multiply.com,Qianchuan
350,Aretha,Pohl,apohl9p@redcross.org,Purwosari
351,Stu,Cornilleau,scornilleau9q@paginegialle.it,Wincrange
352,Rice,Piddick,rpiddick9r@jugem.jp,Fukuoka-shi
353,Hilliard,Dumphrey,hdumphrey9s@google.co.jp,Brzozów
354,Tabbatha,Griffitts,tgriffitts9t@mozilla.com,Huadi
355,Celestine,Testo,ctesto9u@sitemeter.com,Tomakivka
356,Aguie,Benton,abenton9v@dagondesign.com,Rancanyenang
357,Pammy,Castagnaro,pcastagnaro9w@europa.eu,Washington
358,Natassia,Dore,ndore9x@netlog.com,Longxian Chengguanzhen
359,Bethena,Whitwham,bwhitwham9y@clickbank.net,Ujae
360,Starlin,Neylan,sneylan9z@hud.gov,Gaojialing
361,Wilow,Lever,wlevera0@last.fm,Ningde
362,Nataline,Thaw,nthawa1@tumblr.com,Nueva Cajamarca
363,Reuven,Oakes,roakesa2@ebay.com,Cinangsih Satu
364,Winni,Daid,wdaida3@google.ru,Yakovlevo
365,Foster,Skerratt,fskerratta4@so-net.ne.jp,Xinwu
366,Marya,Pietrasik,mpietrasika5@apache.org,Bogi
367,Lanna,Du Hamel,lduhamela6@naver.com,Tymoshivka
368,Haskel,Utting,huttinga7@hao123.com,Strasbourg
369,Alis,Walworche,awalworchea8@java.com,Daqingshan
370,Nisse,Grinsdale,ngrinsdalea9@biglobe.ne.jp,Kaliasin
371,Efrem,Nys,enysaa@wsj.com,Woerden
372,Chandra,Hrinchenko,chrinchenkoab@guardian.co.uk,Karangnongko
373,Rand,Littlemore,rlittlemoreac@chron.com,Kayakent
374,Belicia,McWhinnie,bmcwhinniead@dyndns.org,Santa Cruz
375,Dina,Jolley,djolleyae@yale.edu,Wukeshu
376,Dav,Stillman,dstillmanaf@opera.com,Labinot-Mal
377,Jennie,Piotr,jpiotrag@answers.com,Sikur
378,Kristi,Ayshford,kayshfordah@sourceforge.net,Yuanjiazhuang
379,Lindsay,Cattemull,lcattemullai@ed.gov,Hekou
380,Mikaela,Labroue,mlabroueaj@so-net.ne.jp,Aliwal North
381,Krystalle,Basilone,kbasiloneak@msu.edu,Itanhaém
382,Kane,Axelby,kaxelbyal@mapy.cz,Villa Las Rosas
383,Husain,Ranson,hransonam@soup.io,Nawá
384,Dorella,Stapele,dstapelean@ifeng.com,Popovi
385,Margaret,Hatfull,mhatfullao@domainmarket.com,Ban Lam Luk Ka
386,Blondell,O'Halloran,bohalloranap@ucoz.ru,Forssa
387,Yorgos,Fellows,yfellowsaq@chronoengine.com,Cambé
388,Andie,Chelsom,achelsomar@wired.com,Carrascal
389,Rancell,Killingbeck,rkillingbeckas@google.nl,Itapetinga
390,Ardyce,Cullerne,acullerneat@skyrock.com,Guangsheng
391,Vyky,Theodoris,vtheodorisau@printfriendly.com,Embu
392,Johna,Bardwall,jbardwallav@nydailynews.com,Clogherhead
393,Aeriell,Wroe,awroeaw@webmd.com,Colombo
394,Alvera,Wenban,awenbanax@nsw.gov.au,Klyuchevsk
395,Jessica,Otto,jottoay@washingtonpost.com,Shangtian
396,Kath,Talman,ktalmanaz@wiley.com,Randfontein
397,Julianne,Sorey,jsoreyb0@t.co,La Esperanza
398,Jaimie,Neasham,jneashamb1@github.io,Dingchang
399,Maje,Ellerbeck,mellerbeckb2@bravesites.com,Lebane
400,Corena,Dwelley,cdwelleyb3@sciencedaily.com,Nagutskoye
401,Alejandro,Maior,amaiorb4@intel.com,Les Coteaux
402,Miguel,Leach,mleachb5@engadget.com,Paris 18
403,Anabella,Kix,akixb6@google.es,Karolinka
404,Karlen,Daens,kdaensb7@furl.net,Tyre
405,Meredithe,Emloch,memlochb8@xinhuanet.com,‘Ibwayn
406,Natalina,McIan,nmcianb9@elpais.com,Port Nolloth
407,Renell,Froome,rfroomeba@mayoclinic.com,Auriflama
408,Brantley,Topley,btopleybb@blogs.com,Orlando
409,Lanita,Gorham,lgorhambc@plala.or.jp,Kimakamak
410,Alyse,Hearon,ahearonbd@eventbrite.com,Haruai
411,Jannelle,Van der Beken,jvanderbekenbe@creativecommons.org,Gaoyu
412,Dianna,Bodiam,dbodiambf@usgs.gov,Morón
413,Craggie,Zamudio,czamudiobg@yellowbook.com,Saint-Jean-de-Monts
414,Teresa,Kissick,tkissickbh@multiply.com,Līkak
415,Lanie,Douty,ldoutybi@livejournal.com,Trucuk
416,Miquela,Whitley,mwhitleybj@163.com,Lhari
417,Aluino,Paprotny,apaprotnybk@uiuc.edu,Lasi Dua
418,Lesley,Mulleary,lmullearybl@a8.net,Guozhen
419,Dagny,Bulger,dbulgerbm@google.co.uk,Detik Satu
420,Benita,Armin,barminbn@goo.ne.jp,Mantalongon
421,Berny,Jemison,bjemisonbo@smh.com.au,Fajsławice
422,Fern,Pitcock,fpitcockbp@mail.ru,Kingsport
423,Ysabel,Burbridge,yburbridgebq@google.com,Laizhou
424,Mozes,Clayhill,mclayhillbr@macromedia.com,Heihe
425,Cynthy,Wilbore,cwilborebs@livejournal.com,Nagoselo do Douro
426,Johnny,Bernardelli,jbernardellibt@ovh.net,Gurupi
427,Iago,Codron,icodronbu@people.com.cn,Périgueux
428,Nickie,Horsewood,nhorsewoodbv@cnbc.com,Jiulongshan
429,Rik,Varrow,rvarrowbw@columbia.edu,Porkhov
430,Jonis,Van den Hof,jvandenhofbx@list-manage.com,Zaleszany
431,Angelo,Stormes,astormesby@amazon.co.uk,Mangas
432,Gae,Imlaw,gimlawbz@linkedin.com,Chantal
433,Floria,Elia,feliac0@macromedia.com,Bontang Baru
434,Jacynth,Garratty,jgarrattyc1@oaic.gov.au,Chak
435,Marijo,Aronson,maronsonc2@constantcontact.com,Unity
436,Lainey,Scoggin,lscogginc3@hao123.com,General Emilio Aguinaldo
437,Marlie,Feldheim,mfeldheimc4@360.cn,Kōnosu
438,Derwin,Soall,dsoallc5@cocolog-nifty.com,Kadubadak
439,Fancie,Dumbell,fdumbellc6@si.edu,Vrangel’
440,Gallard,Maybery,gmayberyc7@ted.com,Boco
441,Cherice,McCritchie,cmccritchiec8@wiley.com,Baofeng
442,Maggy,Passler,mpasslerc9@yellowpages.com,Shouchun
443,Jennie,Cockroft,jcockroftca@microsoft.com,Zhaodong
444,Diannne,MacAllister,dmacallistercb@creativecommons.org,Cap-Santé
445,Garnet,Burnes,gburnescc@sun.com,Sepit
446,Griselda,Eymor,geymorcd@godaddy.com,Shanyang
447,Andrea,Rough,aroughce@who.int,Dujuuma
448,Cal,Schruyers,cschruyerscf@gmpg.org,Lianzhu
449,Janice,Bringloe,jbringloecg@taobao.com,Rájec-Jestřebí
450,Wendell,Saltmarshe,wsaltmarshech@thetimes.co.uk,Pederneiras
451,Emili,Pitson,epitsonci@mapquest.com,Kuivaniemi
452,Ree,Ferrotti,rferrotticj@etsy.com,Evxinoúpolis
453,Lemmie,Longhirst,llonghirstck@mashable.com,Mweka
454,Adena,Morriss,amorrisscl@slideshare.net,Tô Hạp
455,Dania,Werlock,dwerlockcm@latimes.com,Nyaungdon
456,Cristal,Vost,cvostcn@diigo.com,Sutukung
457,Deeanne,Everill,deverillco@nymag.com,Trollhättan
458,Richard,Cousens,rcousenscp@feedburner.com,Oymak
459,Tami,covino,tcovinocq@cocolog-nifty.com,Shcherbinka
460,Prue,Dray,pdraycr@angelfire.com,Taotang
461,Rance,Gillease,rgilleasecs@usda.gov,Martingança
462,Charmion,Tullot,ctullotct@comcast.net,Sélestat
463,Sauncho,Hearle,shearlecu@jimdo.com,Ferraz de Vasconcelos
464,Graehme,O'Leahy,goleahycv@youku.com,Huyang
465,Esra,Pilgram,epilgramcw@ed.gov,Lerum
466,Stephanus,Sleet,ssleetcx@yolasite.com,Lingion
467,Vassili,Stockell,vstockellcy@icq.com,Yangjinzhuang
468,Amara,Ceillier,aceilliercz@lulu.com,Casablanca
469,Gordan,Hendriks,ghendriksd0@digg.com,Jarash
470,Leonhard,Kermit,lkermitd1@businessinsider.com,Cajamarca
471,Melissa,Carous,mcarousd2@issuu.com,Las Mercedes
472,Davidde,Kenlin,dkenlind3@devhub.com,Nkurenkuru
473,Elmo,Cestard,ecestardd4@google.co.jp,Waturoka
474,Ambrosi,MacAdie,amacadied5@photobucket.com,Erie
475,Drake,Jonke,djonked6@springer.com,Melville
476,Marylynne,Amyes,mamyesd7@discovery.com,Wólka Pełkińska
477,Isador,Enticott,ienticottd8@storify.com,Yunmeng Chengguanzhen
478,Sharla,Paddefield,spaddefieldd9@technorati.com,Yuzui
479,Davida,Copeland,dcopelandda@nifty.com,Hasan
480,Baldwin,Lympany,blympanydb@wsj.com,Pawili
481,Charissa,Filoniere,cfilonieredc@clickbank.net,Minh Long
482,Phebe,Jankowski,pjankowskidd@hud.gov,Gort
483,Saree,Wagon,swagonde@shareasale.com,Guaynabo
484,Robby,Larchiere,rlarchieredf@dagondesign.com,Candijay
485,Maddy,Ashe,mashedg@yale.edu,Údlice
486,Angie,Tuer,atuerdh@accuweather.com,Xinglong
487,George,Thecham,gthechamdi@unesco.org,Prokuplje
488,Pasquale,Aiers,paiersdj@blogger.com,Arauquita
489,Wilbert,Smallcombe,wsmallcombedk@themeforest.net,Domalanoan
490,Flossy,Churching,fchurchingdl@devhub.com,Eadestown
491,Miner,Elton,meltondm@usnews.com,Zhulebino
492,Denna,Bierling,dbierlingdn@geocities.jp,Gjegjan
493,Gloriana,McKeefry,gmckeefrydo@stanford.edu,Youxi Chengguanzhen
494,Aileen,Sawers,asawersdp@nps.gov,Kete Krachi
495,Shamus,Getcliffe,sgetcliffedq@mozilla.com,Rāmhormoz
496,Chick,Ortiga,cortigadr@springer.com,Härnösand
497,Bert,Ferrarini,bferrarinids@squidoo.com,Rivera
498,Aleksandr,Coleridge,acoleridgedt@youku.com,Krasnodon
499,Chrysler,Goldhill,cgoldhilldu@meetup.com,Tampa
500,Annadiana,Fomichyov,afomichyovdv@loc.gov,Panjir
501,Dore,Delatour,ddelatourdw@google.fr,Chimichagua
502,Tann,Gamon,tgamondx@army.mil,Oklahoma City
503,Cirilo,Wastie,cwastiedy@amazon.de,Dahuang
504,Shayne,Dilkes,sdilkesdz@china.com.cn,Yantongtun
505,Livvyy,Bickerdike,lbickerdikee0@surveymonkey.com,Ampara
506,Dena,Pettican,dpetticane1@alexa.com,Mengxingzhuang
507,Gwenneth,Trillo,gtrilloe2@php.net,Quesada
508,Valene,Tour,vtoure3@nymag.com,Ciudad Guayana
509,Byrann,Willbourne,bwillbournee4@blogger.com,Challas
510,Lettie,Banham,lbanhame5@freewebs.com,Eskilstuna
511,Flossy,Maylour,fmayloure6@miibeian.gov.cn,Longsheng
512,Lavinie,O'Cullen,locullene7@pen.io,Maguilling
513,Andras,Hilliam,ahilliame8@freewebs.com,Carrascal
514,Ber,Chene,bchenee9@godaddy.com,Valdosta
515,Bertram,Ashwin,bashwinea@xinhuanet.com,Roa
516,Obidiah,Rumke,orumkeeb@qq.com,Kuala Lumpur
517,Benson,Roberson,brobersonec@etsy.com,Meirinhas
518,Ruggiero,Guice,rguiceed@163.com,Laohugang
519,Chan,Coots,ccootsee@ocn.ne.jp,Chuquitira
520,Sherilyn,Peete,speeteef@deliciousdays.com,Yujia’ao
521,Jim,Thaxton,jthaxtoneg@privacy.gov.au,Ma Đa Gui
522,Leeanne,Aistrop,laistropeh@nydailynews.com,Voi
523,Shalna,Prendiville,sprendivilleei@comcast.net,Yafran
524,Tabb,McCandie,tmccandieej@wikimedia.org,Pailin
525,Gino,Kabisch,gkabischek@tiny.cc,Yuelai
526,Cicily,Patkin,cpatkinel@cam.ac.uk,Rebe
527,Karie,Pontin,kpontinem@surveymonkey.com,Hajoho
528,Erinna,Farndon,efarndonen@umn.edu,Al ‘Ayzarīyah
529,Oby,Mullen,omulleneo@nifty.com,Zhushan Chengguanzhen
530,Malorie,Attock,mattockep@va.gov,Béoumi
531,Leann,Crake,lcrakeeq@ucla.edu,Santo Tomas
532,Aleen,Mitton,amittoner@arizona.edu,Vacoas
533,Jasun,Duffan,jduffanes@ifeng.com,Longmiao
534,Darrin,Cosker,dcoskeret@yahoo.com,Tubod
535,Torrey,Coath,tcoatheu@google.ca,Cinagrog Girang
536,Alverta,Sollowaye,asollowayeev@engadget.com,Falun
537,Annamaria,Spain,aspainew@cam.ac.uk,Wudui
538,Kippy,Stead,ksteadex@etsy.com,East End
539,Janelle,Lowson,jlowsoney@typepad.com,Kostelec nad Černými Lesy
540,Curr,Matushenko,cmatushenkoez@google.de,Kazo
541,Millicent,Jeannin,mjeanninf0@theglobeandmail.com,Guangfu
542,Lorri,O'Lennachain,lolennachainf1@google.com,La Mohammedia
543,Galvin,McGillecole,gmcgillecolef2@zdnet.com,Mehmand Chak
544,Myrle,Ibeson,mibesonf3@dedecms.com,Brits
545,Drona,Woolstenholmes,dwoolstenholmesf4@vimeo.com,Krajan Jamprong
546,Rosanne,Simnor,rsimnorf5@nature.com,Nowosielce
547,Dorena,Barnhart,dbarnhartf6@omniture.com,Ljukovo
548,Gabrila,Story,gstoryf7@soup.io,Dualing
549,Vaughn,Zeplin,vzeplinf8@sbwire.com,Tongquan
550,Albertina,Foakes,afoakesf9@indiegogo.com,Bang Na
551,Patty,Spilling,pspillingfa@sun.com,Oyonnax
552,Edmund,Woolvin,ewoolvinfb@taobao.com,Velikiy Novgorod
553,Towney,Reuble,treublefc@mail.ru,Mojo
554,Vinny,Kislingbury,vkislingburyfd@stumbleupon.com,Nancun
555,Freddi,McAlester,fmcalesterfe@washingtonpost.com,Tielu
556,Sonia,McBean,smcbeanff@edublogs.org,Huacapampa
557,Kylie,Gribble,kgribblefg@google.com.hk,Góra Kalwaria
558,Christoper,Fellona,cfellonafh@live.com,Camaquã
559,Johan,Boyat,jboyatfi@elpais.com,Tešanj
560,Celine,Clemendet,cclemendetfj@skype.com,Panjāb
561,Margaretta,Hadland,mhadlandfk@yellowpages.com,Palmira
562,Adlai,Wealthall,awealthallfl@facebook.com,Hushi
563,Flynn,Schutze,fschutzefm@fema.gov,Bayt Maqdūm
564,Stacee,Jefferd,sjefferdfn@aboutads.info,Murcki
565,Arri,Drohun,adrohunfo@furl.net,Simpang
566,Sisile,Lulham,slulhamfp@china.com.cn,Mikołów
567,Montague,Mattia,mmattiafq@soup.io,Shangyanzhuang
568,Culley,Rodolico,crodolicofr@phoca.cz,Kadubincarung
569,Livy,Rozet,lrozetfs@ucla.edu,Zhishan
570,Travus,Runnicles,trunniclesft@vistaprint.com,Ise
571,Ariel,Soitoux,asoitouxfu@behance.net,Balkh
572,Sanderson,Sporgeon,ssporgeonfv@e-recht24.de,Motge
573,Sterne,Henke,shenkefw@aol.com,Salyan
574,Jedd,Yearne,jyearnefx@gravatar.com,Nakuru
575,Leland,Saer,lsaerfy@uiuc.edu,Rahayu Dua
576,Cull,Kulicke,ckulickefz@java.com,Patrocínio
577,Martita,Tiesman,mtiesmang0@toplist.cz,Sartana
578,Remus,O'Shevlan,roshevlang1@linkedin.com,Claver
579,Delores,Dabell,ddabellg2@shinystat.com,Ebaye
580,Gerladina,Wilkennson,gwilkennsong3@vk.com,San Isidro
581,Noak,Ferraro,nferrarog4@slate.com,San José de Mayo
582,Bastien,Knewstub,bknewstubg5@live.com,Liaoyang
583,Dian,Barmadier,dbarmadierg6@nymag.com,Yanglinshi
584,Dotty,Buret,dburetg7@sakura.ne.jp,Wiesbaden
585,Sofie,Ruggieri,sruggierig8@mac.com,Fort Worth
586,Lin,Shill,lshillg9@columbia.edu,Vila Chã do Monte
587,Melinda,Clubley,mclubleyga@shop-pro.jp,Uddevalla
588,Maxie,Whitloe,mwhitloegb@rakuten.co.jp,Santiago de Subrrifana
589,Theodore,Bagley,tbagleygc@csmonitor.com,Helixi
590,Marina,Byars,mbyarsgd@t-online.de,Fushan
591,Ginnie,Tomek,gtomekge@digg.com,Stockholm
592,Christophe,Titta,ctittagf@sitemeter.com,‘Anīn
593,Lilias,Goodisson,lgoodissongg@baidu.com,Clarin
594,Briny,Carryer,bcarryergh@theatlantic.com,Sukamaju
595,Conchita,Beaushaw,cbeaushawgi@friendfeed.com,Menanga
596,Ada,Bazoge,abazogegj@cocolog-nifty.com,Szydłowo
597,Kalli,Prium,kpriumgk@mapquest.com,San Pedro
598,Rosina,Boyfield,rboyfieldgl@abc.net.au,Hugang
599,Mavra,Marland,mmarlandgm@oakley.com,Osvaldo Cruz
600,Norman,Redwood,nredwoodgn@statcounter.com,Novokubansk
601,Hyman,Janeway,hjanewaygo@cocolog-nifty.com,Casal de São João
602,Loutitia,Morsley,lmorsleygp@yolasite.com,Rouen
603,Colas,Roydon,croydongq@livejournal.com,Ningshan Chengguanzhen
604,Cristy,Roll,crollgr@chron.com,Nagaracinta
605,Loreen,Bowlands,lbowlandsgs@samsung.com,Jambulang
606,Ephrayim,Van Arsdale,evanarsdalegt@japanpost.jp,Kushchëvskaya
607,Grant,Yitzhak,gyitzhakgu@jimdo.com,Kenamoen
608,Julie,Deinert,jdeinertgv@nsw.gov.au,Pavlysh
609,Todd,Smee,tsmeegw@time.com,Sanxing
610,Shaine,Leask,sleaskgx@yahoo.co.jp,Samburat
611,Rockie,Pinckard,rpinckardgy@addthis.com,Emalgolin Mongolzuxiang
612,Bunni,Pucknell,bpucknellgz@aol.com,Jāwā
613,Freemon,Arne,farneh0@taobao.com,Lais
614,Elliot,Marquese,emarqueseh1@latimes.com,Novyye Kuz’minki
615,Phillipp,Faireclough,pfairecloughh2@nationalgeographic.com,Kilcullen
616,Mariya,Mcettrick,mmcettrickh3@newsvine.com,Taibai
617,Sterne,Shattock,sshattockh4@flavors.me,Wonocolo
618,Berrie,Crepel,bcrepelh5@soup.io,Iguatu
619,Gerty,Gianolini,ggianolinih6@stumbleupon.com,Sukacai
620,Jamesy,Richarson,jricharsonh7@fotki.com,Milano
621,Tony,O'Fergus,tofergush8@ebay.com,Tayug
622,Phillip,Paur,ppaurh9@mlb.com,Karangnunggal
623,Veronike,Ferreras,vferrerasha@ihg.com,Seremban
624,Jazmin,Edney,jedneyhb@fastcompany.com,Shebekino
625,Arleta,de Nore,adenorehc@blogs.com,Pasłęk
626,Marwin,Waddams,mwaddamshd@ocn.ne.jp,Yuezhao
627,West,Chazotte,wchazottehe@chronoengine.com,Sōja
628,Inger,Le Lievre,ilelievrehf@ow.ly,Cluain Meala
629,Rodi,Beever,rbeeverhg@google.ca,Quebrada de Arena
630,Cris,Gerge,cgergehh@berkeley.edu,Nizhniy Lomov
631,Nikolia,Naper,nnaperhi@opera.com,Sovetskiy
632,Agnola,Twaite,atwaitehj@gravatar.com,El Pino
633,Elihu,Marchant,emarchanthk@unc.edu,Shitan
634,Drusilla,Klicher,dklicherhl@exblog.jp,Tomelilla
635,Carmine,Bohike,cbohikehm@hao123.com,Markaz al Marīr
636,Ambur,Cowlard,acowlardhn@shareasale.com,Chengnan
637,Danit,Wiffler,dwifflerho@yahoo.co.jp,Zinat
638,Willard,Madeley,wmadeleyhp@instagram.com,Kembang
639,Cally,Witling,cwitlinghq@sciencedirect.com,Sabhā
640,Yance,Blenkiron,yblenkironhr@ca.gov,Shangqing
641,Read,Naulty,rnaultyhs@ihg.com,Louisville
642,Cord,Calendar,ccalendarht@reddit.com,Järfälla
643,Egon,Legon,elegonhu@smugmug.com,Guaçuí
644,Pamela,Dahler,pdahlerhv@cargocollective.com,General Viamonte
645,Garry,Syversen,gsyversenhw@springer.com,Matsutō
646,Val,Bard,vbardhx@behance.net,Putrajaya
647,Imogene,Yurukhin,iyurukhinhy@wikia.com,Richmond
648,Sileas,Van Dijk,svandijkhz@trellian.com,Valašská Polanka
649,Archie,Stag,astagi0@phoca.cz,Shilong
650,Reena,Skudder,rskudderi1@parallels.com,Sho’rchi
651,Howie,Culvey,hculveyi2@amazon.com,Brusartsi
652,Moreen,Bernhardi,mbernhardii3@businessinsider.com,Jīt
653,Illa,Penman,ipenmani4@gmpg.org,Jiekeng
654,Kasey,Heel,kheeli5@mysql.com,Or Yehuda
655,Bowie,Armfield,barmfieldi6@tumblr.com,Thākurgaon
656,Tybie,Kneeshaw,tkneeshawi7@mozilla.org,Krueng Luak
657,Prue,Whitemarsh,pwhitemarshi8@github.io,Villa Mercedes
658,Shirley,Bainbridge,sbainbridgei9@apple.com,Huiyuan
659,Teresa,Josifovic,tjosifovicia@twitter.com,Tumbagaan
660,Doralynn,Fackney,dfackneyib@usgs.gov,Płoniawy-Bramura
661,Alicea,Hefford,aheffordic@wordpress.org,Lomme
662,Engelbert,Gumery,egumeryid@state.tx.us,Zhuji
663,Hermy,Casillas,hcasillasie@princeton.edu,El Tejocote
664,Carley,Bothen,cbothenif@yellowpages.com,Mercier
665,Ali,Carbett,acarbettig@icio.us,Xialaba
666,Eba,Dansie,edansieih@friendfeed.com,Vancouver
667,Obed,Cowitz,ocowitzii@bluehost.com,Leskovac
668,Yale,Botly,ybotlyij@vkontakte.ru,Qal‘at Bīshah
669,Erek,Angliss,eanglissik@smh.com.au,Xiema
670,Lilas,Francklyn,lfrancklynil@gizmodo.com,Haozigang
671,Jordon,Coite,jcoiteim@ameblo.jp,Cijeungjing Kaler
672,Quillan,Faucett,qfaucettin@nhs.uk,Tucson
673,Lemuel,Pauluzzi,lpauluzziio@ft.com,Támara
674,Thaine,Beton,tbetonip@tripadvisor.com,Santuario
675,Catha,Kilfeather,ckilfeatheriq@t-online.de,Kiruna
676,Liliane,Hollyland,lhollylandir@mlb.com,Gazli
677,Roland,Egentan,regentanis@google.nl,Leubatang
678,Nevin,Maro,nmaroit@chronoengine.com,Virolahti
679,Laverna,Sandels,lsandelsiu@edublogs.org,Nesterov
680,Tori,Macro,tmacroiv@edublogs.org,Al Judayrah
681,Bren,Ellick,bellickiw@geocities.jp,Dallas
682,Stanley,Hemphall,shemphallix@mysql.com,Yemva
683,Estel,Licence,elicenceiy@is.gd,Kharagauli
684,Colman,Georgel,cgeorgeliz@archive.org,Myrzakent
685,Ronica,Langlands,rlanglandsj0@youku.com,Hāfizābād
686,Osborne,Coonihan,ocoonihanj1@cdbaby.com,Västra Frölunda
687,Tait,Coulthard,tcoulthardj2@bbc.co.uk,Koktokay
688,Mohammed,McCrea,mmccreaj3@edublogs.org,Skänninge
689,Phebe,Corbert,pcorbertj4@qq.com,Funaishikawa
690,Britt,Kincey,bkinceyj5@tinypic.com,Hashimoto
691,Valery,Oldcote,voldcotej6@state.tx.us,Sanok
692,Gisella,McElhargy,gmcelhargyj7@accuweather.com,Yangjiapo
693,Cahra,Lavery,claveryj8@fc2.com,Kōchi-shi
694,Parke,Van Arsdale,pvanarsdalej9@addthis.com,Arauá
695,Nicolas,Aitken,naitkenja@java.com,Qinglung
696,Marcelia,Colton,mcoltonjb@mlb.com,Xiji
697,Tamera,Worsnup,tworsnupjc@hud.gov,Sanhe
698,Allissa,Coveny,acovenyjd@hc360.com,Virden
699,Lynett,De Mars,ldemarsje@wsj.com,Dongwan
700,Rachele,Leynham,rleynhamjf@guardian.co.uk,Lianfa
701,Arliene,Gullis,agullisjg@businesswire.com,Yegor’yevsk
702,Prince,Rosoman,prosomanjh@de.vu,Hai Riêng
703,Lauree,Giorgielli,lgiorgielliji@addtoany.com,Zhaojia
704,Ansell,Clear,aclearjj@craigslist.org,Prażmów
705,Hynda,Venart,hvenartjk@photobucket.com,Atbasar
706,Donella,Ivankovic,divankovicjl@uol.com.br,Lijiazui
707,Corny,O'Longain,colongainjm@gravatar.com,Estela
708,Orren,Reames,oreamesjn@hubpages.com,Biliran
709,Samuel,Duran,sduranjo@nsw.gov.au,Piterka
710,Cristian,Burril,cburriljp@networksolutions.com,Songshan
711,Rupert,Cockerham,rcockerhamjq@reference.com,Finspång
712,Joane,Cowtherd,jcowtherdjr@arstechnica.com,Guihing Proper
713,Edee,Doone,edoonejs@multiply.com,Hanjiashu
714,Augustin,McClory,amccloryjt@cbslocal.com,Skinnskatteberg
715,Shaun,Cazin,scazinju@arizona.edu,Gudermes
716,Patin,Levane,plevanejv@last.fm,Masjid
717,Quent,Martinelli,qmartinellijw@theatlantic.com,Ngroto
718,Stu,Halworth,shalworthjx@g.co,Sombor
719,Jayme,Hastie,jhastiejy@google.es,Phong Điền
720,Caye,Snowman,csnowmanjz@salon.com,Mairana
721,Pennie,Sandry,psandryk0@ameblo.jp,Hopetown
722,Aileen,Leonards,aleonardsk1@amazon.co.jp,Washington
723,Rory,Suttell,rsuttellk2@jiathis.com,Ciénega
724,Sigismund,Loveless,slovelessk3@de.vu,Nchelenge
725,Juana,Keeffe,jkeeffek4@bravesites.com,Maikun
726,Paton,Wollaston,pwollastonk5@parallels.com,Charlotte
727,Livvyy,Yurocjhin,lyurocjhink6@sina.com.cn,Tianchi
728,Berget,Arnason,barnasonk7@cyberchimps.com,Créteil
729,Garrott,Haigh,ghaighk8@google.de,Tangwu
730,William,Criag,wcriagk9@prweb.com,Huangze
731,Phillip,Szymonowicz,pszymonowiczka@wsj.com,Huari
732,Ilene,Wanklyn,iwanklynkb@dell.com,Jintian
733,Keeley,Yankeev,kyankeevkc@theguardian.com,Ponta Delgada
734,Saundra,Winsley,swinsleykd@angelfire.com,Langkaplancar
735,Melvyn,Thor,mthorke@dell.com,Longtanping
736,Nathalia,Kilgannon,nkilgannonkf@blogspot.com,Mēga
737,Chic,Eskriet,ceskrietkg@ox.ac.uk,Zaleszany
738,Miltie,Guilfoyle,mguilfoylekh@ebay.co.uk,Jiaotang
739,Selby,Busfield,sbusfieldki@woothemes.com,Naḥf
740,Lori,Stonebridge,lstonebridgekj@flavors.me,Paombong
741,Damita,Earney,dearneykk@mtv.com,Licheń Stary
742,Martelle,Langworthy,mlangworthykl@fc2.com,Coloncito
743,Brunhilde,Olesen,bolesenkm@howstuffworks.com,Hengtanggang
744,Torrie,Stollenwerck,tstollenwerckkn@live.com,Itajuípe
745,Wilona,Rodmell,wrodmellko@newsvine.com,Liudu
746,Beatrix,Twell,btwellkp@wisc.edu,Červená Voda
747,Camella,Chiese,cchiesekq@berkeley.edu,Sidoger Lebak
748,Priscilla,Capper,pcapperkr@google.it,Pavlovskaya
749,Sidonia,Dorricott,sdorricottks@mail.ru,Tarogong
750,Sam,Stobbart,sstobbartkt@ehow.com,Biscoitos
751,Mignon,Zmitrichenko,mzmitrichenkoku@fastcompany.com,Águas Formosas
752,Shepperd,McPherson,smcphersonkv@cnet.com,Laval
753,Perle,Goodridge,pgoodridgekw@ucoz.ru,Sumbergayam
754,Melisandra,Micka,mmickakx@icq.com,Yisa
755,Judi,Still,jstillky@g.co,Kerbuyan
756,Morissa,Wingfield,mwingfieldkz@ucla.edu,Arnaía
757,Alex,Broek,abroekl0@hostgator.com,La Curva
758,Chrisse,Kubasek,ckubasekl1@google.ru,Kota Bharu
759,Hoyt,Liles,hlilesl2@ebay.co.uk,Yuanqiao
760,Janna,Binns,jbinnsl3@prlog.org,Rizári
761,Kipper,Sivier,ksivierl4@cnn.com,Pedraza La Vieja
762,Lenora,Pirdue,lpirduel5@sciencedirect.com,Azul
763,Barb,Henricsson,bhenricssonl6@wikispaces.com,Linköping
764,Mahalia,Domel,mdomell7@meetup.com,Bonga
765,Irwin,Wardel,iwardell8@oakley.com,Nyanza
766,Delia,Radden,draddenl9@dedecms.com,Baishi
767,Deeann,Daltrey,ddaltreyla@squarespace.com,Buin
768,Albie,Rowdell,arowdelllb@wix.com,Chunhu
769,Fernanda,Kembery,fkemberylc@github.io,Quinta de Valadares
770,Sheelah,Pesek,spesekld@trellian.com,Pocrí
771,Saleem,Stansell,sstansellle@mtv.com,Al Manqaf
772,Bendite,Bisley,bbisleylf@dion.ne.jp,Apartadó
773,Felike,Dominguez,fdominguezlg@tmall.com,Oeleu
774,Rhianon,Tollady,rtolladylh@yolasite.com,Shagedu
775,Gradey,Skalls,gskallsli@drupal.org,Graz
776,Netty,Yanin,nyaninlj@pinterest.com,Snegiri
777,Derrek,Goodburn,dgoodburnlk@digg.com,Casal da Anja
778,Georgiana,Pepys,gpepysll@fda.gov,Waiwejak
779,Annabell,Lademann,alademannlm@1und1.de,Pakembangan
780,Wynn,Jordan,wjordanln@comcast.net,Haikoudajie
781,Jillie,Belsham,jbelshamlo@bloglines.com,Ðà Lạt
782,Julienne,Doud,jdoudlp@youtube.com,Putang
783,Ray,Szwandt,rszwandtlq@theglobeandmail.com,Chengzhong
784,Nikaniki,Gasperi,ngasperilr@ask.com,Ostashkov
785,Kerri,Esparza,kesparzals@php.net,Garmo
786,Joya,Lassell,jlasselllt@imgur.com,Shaliangzi
787,Katerina,Hinkes,khinkeslu@businessinsider.com,Lapa do Lobo
788,Emmerich,Malley,emalleylv@go.com,Tangcun
789,Blair,Benne,bbennelw@sohu.com,Vayk’
790,Alecia,Arents,aarentslx@google.ru,Resistencia
791,Padraic,Lynthal,plynthally@instagram.com,Butare
792,Laryssa,Grey,lgreylz@sciencedaily.com,Labuhansumbawa
793,Maurits,Fozzard,mfozzardm0@cdc.gov,Tetebatu
794,Simonne,Daber,sdaberm1@naver.com,Krasnogorodskoye
795,Emelen,Pechold,epecholdm2@ameblo.jp,Jiaotan
796,Tracy,Krale,tkralem3@google.ru,Tengah
797,Kippar,Enoch,kenochm4@feedburner.com,Sara Kunda
798,Brandie,Bartelli,bbartellim5@joomla.org,Melaka
799,Saree,Anslow,sanslowm6@abc.net.au,San Diego
800,Bev,Crookes,bcrookesm7@japanpost.jp,Tarnowskie Góry
801,Devon,Sherratt,dsherrattm8@themeforest.net,Bohumín
802,Rickey,Denholm,rdenholmm9@sfgate.com,Paseyan
803,Blanca,Burgh,bburghma@goo.gl,Yuanqiao
804,Correy,Hender,chendermb@bing.com,Xinbei
805,Wash,Frere,wfreremc@xrea.com,La Jagua de Ibirico
806,Aundrea,Ruppel,aruppelmd@eepurl.com,Tongle
807,Cirilo,Buttery,cbutteryme@lycos.com,Tonga
808,Neile,Stirrip,nstirripmf@upenn.edu,Chenguang
809,Avril,Jacquest,ajacquestmg@netvibes.com,Malanday
810,Ethel,Laville,elavillemh@is.gd,Sal’sk
811,Willette,McLoughlin,wmcloughlinmi@nature.com,Terny
812,Ban,Durtnall,bdurtnallmj@constantcontact.com,Kigali
813,Willow,Panton,wpantonmk@51.la,Orange
814,Callida,Okroy,cokroyml@reddit.com,Shixiang
815,Olive,Writer,owritermm@japanpost.jp,Frontignan
816,Grayce,Bunce,gbuncemn@cdc.gov,Kizlyar
817,Nikolai,Yurkin,nyurkinmo@tripadvisor.com,Karlivka
818,Jonell,Rodgier,jrodgiermp@plala.or.jp,Lembanah
819,Mimi,Jaffray,mjaffraymq@chron.com,Ntaur Satu
820,Franky,Croyden,fcroydenmr@statcounter.com,Salwá
821,Marmaduke,Ansley,mansleyms@amazon.co.uk,Lyambir’
822,Sauncho,McGinlay,smcginlaymt@icq.com,Gadzhiyevo
823,Bran,Wikey,bwikeymu@businessinsider.com,Macau
824,Dudley,Pastor,dpastormv@xing.com,Kuala Pilah
825,Marla,Grinaway,mgrinawaymw@biblegateway.com,Zuru
826,Maggie,Harriskine,mharriskinemx@yahoo.co.jp,Ibagué
827,Homerus,Reiach,hreiachmy@yahoo.co.jp,Paris 01
828,Sande,Mairs,smairsmz@gravatar.com,Maych’ew
829,Petronille,Dulin,pdulinn0@zdnet.com,Mayo
830,Melicent,Taylerson,mtaylersonn1@squidoo.com,Wuhe Chengguanzhen
831,Ilario,Christmas,ichristmasn2@diigo.com,Krajan
832,Oberon,Coller,ocollern3@hibu.com,Molde
833,Jenelle,Knuckles,jknucklesn4@blinklist.com,Akkol’
834,Mack,Ashman,mashmann5@4shared.com,Katiola
835,Sarena,Ronaghan,sronaghann6@angelfire.com,Bradashesh
836,Zelda,Kleinzweig,zkleinzweign7@scribd.com,Pomerode
837,Alyssa,Plaistowe,aplaistowen8@nbcnews.com,Curahkalak Tengah
838,Stephanie,Schott,sschottn9@seesaa.net,Delgerhaan
839,Wandie,Radage,wradagena@ovh.net,Nobres
840,Antonio,Dibdale,adibdalenb@shinystat.com,Stupsk
841,Maddalena,Houlson,mhoulsonnc@vistaprint.com,Hammam Sousse
842,Nataline,Murkin,nmurkinnd@adobe.com,Trakan Phut Phon
843,Salem,Sayle,ssaylene@china.com.cn,Paris 16
844,Damara,Behan,dbehannf@sciencedirect.com,Juliaca
845,Liza,Dawtre,ldawtreng@msn.com,Söderhamn
846,Dinnie,Fotitt,dfotittnh@twitter.com,Nanchangshan
847,Arturo,Wallworke,awallworkeni@facebook.com,Trabulheira
848,Junia,Dixson,jdixsonnj@census.gov,Terpinnya
849,Agata,Wenderott,awenderottnk@mozilla.com,Žalec
850,Steffane,Lincey,slinceynl@who.int,Kstovo
851,Tammara,Sollett,tsollettnm@sohu.com,Dundbürd
852,Sofie,Moulder,smouldernn@apache.org,Ampasimanolotra
853,Wildon,Gradwell,wgradwellno@google.ca,Sampangbitung
854,Orson,Edginton,oedgintonnp@shinystat.com,Sacramento
855,Keslie,Lots,klotsnq@toplist.cz,Khānewāl
856,Brien,Magne,bmagnenr@stanford.edu,Zakan-Yurt
857,Ophelie,Woodsford,owoodsfordns@icio.us,Cruzília
858,Norah,Brecher,nbrechernt@unicef.org,Kandava
859,Lurline,Dumbar,ldumbarnu@cyberchimps.com,Lourido
860,Cesar,Cohalan,ccohalannv@hubpages.com,Al Mijlad
861,Alana,Khomich,akhomichnw@businesswire.com,Taohuajiang
862,Sandye,Smedmore,ssmedmorenx@independent.co.uk,Synya
863,Cordie,Bowerbank,cbowerbankny@pinterest.com,Sáchica
864,Hasty,Terbeck,hterbecknz@woothemes.com,Leomil
865,Zonda,Merkle,zmerkleo0@cdbaby.com,Fiães
866,Georgi,Mumbey,gmumbeyo1@time.com,Pengulu
867,Rahal,Edmans,redmanso2@about.com,Kakaek
868,Teddi,McFie,tmcfieo3@squidoo.com,El Cairo
869,Shaughn,Tight,stighto4@ucla.edu,Wārāh
870,Louisa,Thonason,lthonasono5@mlb.com,Barrancas
871,Karlan,Crosham,kcroshamo6@skype.com,Ashtarak
872,Anthe,Retter,arettero7@bluehost.com,Ozorków
873,Amalita,Ricart,aricarto8@soup.io,Houston
874,Olivero,De Ortega,odeortegao9@godaddy.com,Dancheng
875,Carolyne,Alenov,calenovoa@guardian.co.uk,Pacucha
876,Rayner,Nuth,rnuthob@a8.net,Arras
877,Drusy,Dudny,ddudnyoc@auda.org.au,Gaozhuang
878,Hewet,Danelutti,hdaneluttiod@wisc.edu,Tosu
879,Breanne,Bewley,bbewleyoe@microsoft.com,Bulembu
880,Marylinda,Silbermann,msilbermannof@europa.eu,Boyeros
881,Daron,Silverton,dsilvertonog@npr.org,Shchelkovo
882,Barnie,Esome,besomeoh@ezinearticles.com,Lascano
883,Jackie,Hrynczyk,jhrynczykoi@smh.com.au,Jugezhuang
884,Maximo,Edel,medeloj@dailymail.co.uk,Santa Catalina
885,Loren,Heathwood,lheathwoodok@miibeian.gov.cn,Qā’en
886,Siana,Kerner,skernerol@fema.gov,Purda
887,Wolfy,Fryett,wfryettom@walmart.com,Haebaru
888,Cloe,Chappelle,cchappelleon@furl.net,Pyay
889,Marrissa,Ringrose,mringroseoo@imageshack.us,Batujaran
890,Whitby,O'Hagan,wohaganop@state.tx.us,L'Union
891,Cecilio,Frankiss,cfrankissoq@wired.com,Selikhino
892,Ronnie,D'Alessandro,rdalessandroor@miitbeian.gov.cn,Canhas
893,Leonidas,Albion,lalbionos@deviantart.com,Haparanda
894,Con,Brashaw,cbrashawot@apache.org,Vinhas
895,Zandra,Strutton,zstruttonou@goo.ne.jp,Rubik
896,Brier,Sulland,bsullandov@unesco.org,Kaliningrad
897,Jemima,Byas,jbyasow@loc.gov,Pedreira
898,Gerrard,Passo,gpassoox@cyberchimps.com,Hyżne
899,Travis,Secret,tsecretoy@amazonaws.com,Shisandaogou
900,Nessie,Tourner,ntourneroz@bizjournals.com,Suhong
901,Dre,Summersby,dsummersbyp0@webeden.co.uk,Tiechang
902,Dolly,Gaisford,dgaisfordp1@paginegialle.it,Zhongxin
903,Sheilakathryn,Redgrove,sredgrovep2@addthis.com,Pasuruan
904,Simona,Bilovsky,sbilovskyp3@microsoft.com,Nizhniy Tsasuchey
905,Angelo,Saing,asaingp4@seesaa.net,Jiangzao
906,Gardy,Patley,gpatleyp5@intel.com,Lichengdao
907,Katrine,Giacomazzo,kgiacomazzop6@weather.com,Tuopu Luke
908,Adelbert,Studeart,astudeartp7@domainmarket.com,Tolomango
909,Jilli,Whisson,jwhissonp8@sun.com,Jinglongqiao
910,Leland,McKean,lmckeanp9@edublogs.org,Quinta
911,Mercedes,Blackshaw,mblackshawpa@rediff.com,Pembuanghulu
912,Tamara,Balston,tbalstonpb@histats.com,Machakos
913,Melly,Haslegrave,mhaslegravepc@simplemachines.org,Castries
914,Justina,Mantione,jmantionepd@upenn.edu,Tawali
915,Glenine,Ferrarese,gferraresepe@yahoo.co.jp,Östhammar
916,Boyd,Rigg,briggpf@narod.ru,Pombal
917,Kira,Coode,kcoodepg@gravatar.com,Loakulu
918,Flore,Crielly,fcriellyph@businessinsider.com,Palompon
919,Wally,de Verson,wdeversonpi@skype.com,Berlin
920,Edouard,O'Fogarty,eofogartypj@hostgator.com,Maloco
921,Egor,Stean,esteanpk@forbes.com,Sendangagung
922,Alvina,MacLaig,amaclaigpl@thetimes.co.uk,Istaravshan
923,Izaak,Newiss,inewisspm@howstuffworks.com,Duntou
924,Cherilynn,Kenworthey,ckenwortheypn@php.net,Kalej
925,Ulises,Kilbane,ukilbanepo@hc360.com,Cao Thượng
926,Zacherie,Hedlestone,zhedlestonepp@washington.edu,Tangjiakou
927,Ruby,Riha,rrihapq@merriam-webster.com,Gaozhou
928,Alene,Franiak,afraniakpr@webnode.com,Dzel
929,Vitoria,Amott,vamottps@smh.com.au,Cochadas
930,Sallee,Brounsell,sbrounsellpt@nbcnews.com,Kpalimé
931,Rhianon,Bernadon,rbernadonpu@amazon.com,Tosu
932,Amalle,Steaning,asteaningpv@engadget.com,Cruz del Eje
933,Ruddy,Chopping,rchoppingpw@fc2.com,Citeureup
934,Carilyn,Wallach,cwallachpx@alibaba.com,Yasenevo
935,Costanza,Searson,csearsonpy@typepad.com,Prakhon Chai
936,Reba,Immings,rimmingspz@shutterfly.com,Alta Gracia
937,Madge,Inkpin,minkpinq0@discuz.net,Shiwan
938,Analiese,Moncreiff,amoncreiffq1@baidu.com,Hwaseong-si
939,Felisha,Muscott,fmuscottq2@imdb.com,Sliema
940,Elihu,Vasiltsov,evasiltsovq3@mlb.com,Mañazo
941,Frank,Peskett,fpeskettq4@google.co.jp,Revelstoke
942,Maura,Adey,madeyq5@jalbum.net,Marseille
943,Natalie,Astbery,nastberyq6@friendfeed.com,Tunal
944,Adrian,Tabb,atabbq7@prnewswire.com,Cernay
945,Barbette,Goley,bgoleyq8@slate.com,Wangjiahe
946,Lisette,Fairburne,lfairburneq9@ted.com,Nasīrābād
947,Adelaida,Profit,aprofitqa@loc.gov,Carhuac
948,Barbi,Imlock,bimlockqb@va.gov,Ban Lŭng
949,Dalila,Quibell,dquibellqc@blogspot.com,Cergy-Pontoise
950,Elroy,Gemeau,egemeauqd@tmall.com,Houston
951,Marris,Guerre,mguerreqe@unesco.org,Tshela
952,Kial,Bastistini,kbastistiniqf@parallels.com,Cool űrhajó
953,Camel,Basnett,cbasnettqg@wunderground.com,Wenquan
954,Celesta,McFaell,cmcfaellqh@youtu.be,Ḩurayḑah
955,Avram,Haworth,ahaworthqi@drupal.org,Nuku‘alofa
956,Burch,Lafayette,blafayetteqj@typepad.com,Tangban
957,Dulcine,Goodreid,dgoodreidqk@sciencedirect.com,Marseille
958,Rog,Beahan,rbeahanql@ox.ac.uk,Nārāyanganj
959,Idaline,Swinden,iswindenqm@cnet.com,Wujiabao
960,Gib,Gewer,ggewerqn@skyrock.com,Marseille
961,Gerrie,Muggleton,gmuggletonqo@t.co,Afogados da Ingazeira
962,Mercie,Woodcock,mwoodcockqp@ca.gov,Kärdla
963,Tito,Ishak,tishakqq@dropbox.com,Elói Mendes
964,Carolin,Andrews,candrewsqr@eepurl.com,Camasca
965,Kerstin,Lghan,klghanqs@sbwire.com,Bat Khela
966,Evin,Duddan,eduddanqt@mail.ru,Orléans
967,Harlen,Pigny,hpignyqu@blogs.com,Montenegro
968,Lillis,Peagrim,lpeagrimqv@mozilla.org,Jingmen
969,Shaw,Critchard,scritchardqw@wordpress.com,Hechuan
970,Xaviera,Golda,xgoldaqx@plala.or.jp,Jati
971,Jarid,Plampin,jplampinqy@barnesandnoble.com,Patulul
972,Ingeberg,Kenefick,ikenefickqz@answers.com,Shilibu
973,Lynsey,Antcliff,lantcliffr0@indiegogo.com,Vannes
974,Rebekah,Kolak,rkolakr1@wikia.com,'Ali Sabieh
975,Daloris,Vinecombe,dvinecomber2@linkedin.com,Murça
976,Reinaldos,Sutcliffe,rsutcliffer3@liveinternet.ru,Limit
977,Moselle,Chese,mcheser4@paginegialle.it,Delgado
978,Bertha,Tynewell,btynewellr5@europa.eu,Karangintan
979,Julina,Priestland,jpriestlandr6@topsy.com,Linköping
980,Clem,O'Cahill,cocahillr7@linkedin.com,Guápiles
981,Eadie,Kilday,ekildayr8@narod.ru,Thabazimbi
982,Susi,Fazakerley,sfazakerleyr9@imgur.com,Paritjunus
983,Errick,Kingswood,ekingswoodra@nhs.uk,Gastoúni
984,Nowell,Daud,ndaudrb@yale.edu,Bulumulyo
985,Shayna,Armatage,sarmatagerc@example.com,Solna
986,Kellen,Daborne,kdabornerd@macromedia.com,Quinta
987,Danit,Bondy,dbondyre@barnesandnoble.com,Gurlan
988,Kelvin,Gossage,kgossagerf@newsvine.com,Yermolino
989,Tatum,Wyne,twynerg@friendfeed.com,Västerås
990,Kaia,Ibanez,kibanezrh@tinypic.com,Kensington
991,Cathee,Houlson,choulsonri@opera.com,Gobojango
992,Charmaine,Orbell,corbellrj@icio.us,Goujie
993,Michaela,Gover,mgoverrk@gravatar.com,Mosina
994,Ax,McKain,amckainrl@freewebs.com,Yuen Long Kau Hui
995,Boris,Pennazzi,bpennazzirm@ocn.ne.jp,Feijó
996,Vinita,Leteurtre,vleteurtrern@biblegateway.com,Bazi
997,Paulette,Paxton,ppaxtonro@purevolume.com,Liushan
998,Pyotr,Olver,polverrp@taobao.com,Itapissuma
999,Karlotta,Duplain,kduplainrq@cocolog-nifty.com,Petrovice u Karviné
1000,Umeko,Wrotchford,uwrotchfordrr@wikimedia.org,Guanajuato
1001,Javier,Profe,jj@wikimedia.org,Mojacar
1002,Javier,Profe,jj@wikimedia.org,Mojacar
